Title,Description,Author,Year,MonthDay,Link,ImageLink
Chain of Responsibility ‚Äì Behavioral Design Pattern,"The Chain of Responsibility Pattern comes under Behavioral design pattern, the main motive of this pattern is to accomplish loose coupling in Software design process where the client request is",Supriya,2020,Aug 1,https://www.opencodez.com/java/chain-of-responsibility-pattern.htm,https://www.opencodez.com/wp-content/uploads/2020/08/Java-Design-Patterns-150x100.png
Flyweight Pattern ‚Äì Structural Design Pattern,Flyweight pattern comes under Structural Design Patterns. By using this pattern we can decrease object count. When there is a need to create huge amount of similar objects then this,Supriya,2020,May 20,https://www.opencodez.com/java/flyweight-pattern.htm,https://www.opencodez.com/wp-content/uploads/2020/05/Flyweight-Pattern-Java-Design-Patterns-150x100.png
What Is Full Stack QA or Tester? 4 Steps Guide For Beginners,"We have always heard the term full-stack developer but what about someone from QA background? Do we also have something like Full Stack QA Engineer? the answer is Yes! So,",Shilpa,2020,May 18,https://www.opencodez.com/software-testing/become-full-stack-qa-engineer.htm,https://www.opencodez.com/wp-content/uploads/2019/10/Full-Stack-Developer-200x200.jpeg
Recession 2020 -7 Highly Effective Ways IT Professionals Can Prepare,"Many say that another wave of Recession is approaching. On the internet, you will find several articles talking about an upcoming recession. I am not an economic expert, but the",Shilpa,2020,Apr 27,https://www.opencodez.com/it-lifestyle/7-highly-effective-ways-professionals-can-prepare-recession.htm,https://www.opencodez.com/wp-content/uploads/2020/04/Untitled-drawing1.png
10 Productivity Tips For Working From Home (WFH) ‚Äì Practical To Follow,"It‚Äôs been more than 5 years, I am working from home (WFH) now. After the birth of my daughter, I was blessed to get this opportunity to WFH and at",Shilpa,2020,Mar 30,https://www.opencodez.com/it-lifestyle/10-productivity-tips-for-working-from-home.htm,https://www.opencodez.com/wp-content/uploads/2020/03/Untitled-drawing-4.png
Complete Step by Step Guide of Gherkin for Beginners,"Gherkin is a plain English text language, used by BDD (Behavior Driven Development) tool ‚ÄòCucumber‚Äò to define and execute the test scripts. 1. What is BDD? BDD (Behavior Driven Development)",Pritam,2020,Mar 22,https://www.opencodez.com/software-testing/complete-step-step-guide-gherkin-beginners.htm,https://www.opencodez.com/wp-content/uploads/2020/03/Untitled-drawing-3.png
Top 8 Most Commonly asked HR Interview Questions With Answers,"There are some questions that are frequently asked during Human Resource interviews. As an IT professional, these HR Interview Questions may appear not so important as technical questions, but in",Shilpa,2020,Mar 21,https://www.opencodez.com/how-to-guide/the-8-most-commonly-asked-hr-interview-questions.htm,https://www.opencodez.com/wp-content/uploads/2020/03/HR-Interview-Questions-200x200.png
7 Free Testing Artifacts / Deliverables Template To Download,"Testing Artifacts are deliverables or documents prepared during the testing process. These documents are shared at different stages of Testing with different stakeholders like clients, Test Managers, Team members, and",Shilpa,2020,Mar 19,https://www.opencodez.com/software-testing/free-testing-artifacts-deliverables-template-to-download.htm,https://www.opencodez.com/wp-content/uploads/2020/03/Testing-Artifacts-200x200.png
"What is Test Case (TC), Examples with Free Template To Download",Test Case (TC) is the most important document prepared in testing activities. It is the base for testing an application. So make sure it is reviewed by all respective stakeholders,Shilpa,2020,Mar 16,https://www.opencodez.com/software-testing/test-cases-with-examples-free-test-case-template-to-download.htm,https://www.opencodez.com/wp-content/uploads/2020/03/Test-Case_F.png
What is Test Data? Examples with Free Template to Download,Test data plays an important role in executing test cases. Designing appropriate data is one of the main tasks of application testing. What is Test Data? Test data is a,Shilpa,2020,Mar 12,https://www.opencodez.com/software-testing/test-data.htm,https://www.opencodez.com/wp-content/uploads/2020/03/Test-Data-2-200x200.png
"What is Test Scenario? Template with Examples,Difference Between Test Scenario and Test Case","For Testers, Test Scenario is not new, but many testing professionals are still vague about this concept. So, what is a Test Scenario? Why we create it? How to create",Shilpa,2020,Mar 10,https://www.opencodez.com/software-testing/what-is-test-scenario-template-with-examples.htm,https://www.opencodez.com/wp-content/uploads/2020/03/Test-Scenario_Featured1-200x200.png
Top 10 ETL Testing Tools to Watch in 2020,"ETL Testing has a lot of demand in the market all the time. ETL Testers are paid better than Manual/ Functional ones. So, those who are interested in Database /SQL",Shilpa,2020,Mar 4,https://www.opencodez.com/software-testing/top-10-etl-testing-tools.htm,https://www.opencodez.com/wp-content/uploads/2020/03/ETL-Testing-Tools-3.png
XPath for Web Scraping with R ‚Äì Detailed Step by Step Guide,"We have already learned about Web Scraping Technology in our previous post Web Scraping Using Beautiful Soup in Python. In addition to that, a learner/developer might also be interested in",Rounak,2020,Mar 1,https://www.opencodez.com/how-to-guide/how-to-use-xpath-for-web-scraping-with-r.htm,https://www.opencodez.com/wp-content/uploads/2020/03/How-to-use-XPath-for-Web-Scraping-with-R.png
10 Steps Action Plan to Move From Software Development To Testing,How can I move my career from Software Development To Testing? I am frequently getting these kinds of queries in comments on our most popular article 6 Important Steps to,Shilpa,2020,Feb 27,https://www.opencodez.com/software-testing/10-steps-action-plan-to-move-from-software-development-to-testing.htm,https://www.opencodez.com/wp-content/uploads/2020/02/Action-Plan-to-Move-From-Software-Development-To-Testing-1-200x200.png
151+ Most Important Frequently Asked Selenium Interview Questions,Here we are providing 151 Most Important Frequently Asked Selenium Interview Questions. These questions will be very useful for you to crack an interview and help you to make a,Shilpa,2020,Feb 25,https://www.opencodez.com/software-testing/most-important-frequently-asked-selenium-interview-questions.htm,https://www.opencodez.com/wp-content/uploads/2020/02/Most-Important-Frequently-Asked-Selenium-Interview-Questions.png
JMeter for Load Testing ‚Äì A Complete Guide For Beginners,"If you¬†are into manual testing and¬†planning¬†to learn a testing tool, though just to add in your resume, definitely consider JMeter For Load Testing. This is because Jmeter doesn‚Äôt require coding",Shilpa,2020,Jan 28,https://www.opencodez.com/software-testing/beginners-guide-to-jmeter-for-load-testing.htm,https://www.opencodez.com/wp-content/uploads/2020/01/Jmeter-For-Load-Testing.png
Beginners Guide to Flutter SDK ‚Äì Create Simple Mobile App with Flutter,"Flutter is a free and open-source SDK provided by Google, it uses a unique language called Dart ( which was developed by Google). With Flutter, a developer can have an",Shilpa,2020,Jan 15,https://www.opencodez.com/how-to-guide/beginners-guide-to-flutter-sdk.htm,https://www.opencodez.com/wp-content/uploads/2020/01/Flutter.png
7 Life Changing Lessons I Learned From 7 Yrs Of IT Experience,"We have engineers graduated in thousands every year across the entire country. In that, the majority is hired by IT companies. I completed my B.Tech in 2012. I was not",Rounak,2020,Jan 8,https://www.opencodez.com/it-lifestyle/7-life-changing-lessons-learned-7-yrs-experience.htm,https://www.opencodez.com/wp-content/uploads/2020/01/party-glass-architecture-windows-34092-200x200.jpg
6 Tips To Deal With IT Professional‚Äôs Anxiety,"Last weekend my sabjiwala said, ‚Äúmam aap to IT me ho, itna kyu bargain kar rahe ho‚Äù. (You are in IT, why are you bargaining hard ) And I was",Shilpa,2020,Jan 6,https://www.opencodez.com/it-lifestyle/6-tips-to-deal-with-it-professional-anxiety.htm,https://www.opencodez.com/wp-content/uploads/2020/01/design-desk-display-eyewear-313690-200x200.jpg
API Testing with Java Using Rest Assured ‚Äì Sample Code Provided,"Overview Nowadays, software applications are becoming more complex at the same time more open for interactions. All thanks to APIs and it‚Äôs the ease of using with any kind of",Pritam,2020,Jan 4,https://www.opencodez.com/software-testing/api-testing-java-using-rest-assured.htm,https://www.opencodez.com/wp-content/uploads/2020/01/Java-Rest-API.png
9 Crucial Financial Advice For IT Engineers For Better Future,There is a common belief that IT employees earn more and save more. How many of you would agree with me on this? I am sure the number would be,admin,2019,Dec 30,https://www.opencodez.com/it-lifestyle/9-crucial-financial-advice-for-it-engineers-for-better-future.htm,https://www.opencodez.com/wp-content/uploads/2019/12/black-calculator-near-ballpoint-pen-on-white-printed-paper-53621-200x200.jpg
6 Part Time Jobs For IT Engineers To Earn Extra Money,"You have no other responsibilities than your job or ever thought of doing part-time jobs after coming back from your daily work routine? If yes, then you will be delighted",Shilpa,2019,Dec 26,https://www.opencodez.com/it-lifestyle/6-part-time-jobs-software-engineers-earn-extra-money.htm,https://www.opencodez.com/wp-content/uploads/2019/12/adult-books-business-coffee-374016-200x200.jpg
7 Awesome Ways to Beat Monday Blues,"I think, no one hates Monday thank we IT people. üôÇ Our weekend starts on Friday afternoon only and Sunday afternoon we start feeling sad merely thinking about the next",Shilpa,2019,Dec 25,https://www.opencodez.com/it-lifestyle/7-awesome-ways-to-beat-monday-blues.htm,https://www.opencodez.com/wp-content/uploads/2019/10/MB-200x200.jpg
Automation Testing With Cypress ‚Äì Simple and Easy Tutorial For Beginners,"The biggest challenge we QA Engineers face or at least I always encounter is those annoying waits, sleep, elements not present on the page, or slow loading of pages. To",Pritam,2019,Dec 13,https://www.opencodez.com/software-testing/automation-testing-with-cypress.htm,https://www.opencodez.com/wp-content/uploads/2019/12/cypress-logo-200x200.png
How Can Artificial Intelligence and Machine Learning Impact The Healthcare Industry,"The healthcare industry is rapidly evolving. The 2019 Global Healthcare Outlook analysis by Deloitte estimates that between 2017-2022, the global health care spending is expected to rise 5.4 percent annually",Rounak,2019,Nov 18,https://www.opencodez.com/how-to-guide/how-can-artificial-intelligence-and-machine-learning-impact-the-healthcare-industry.htm,https://www.opencodez.com/wp-content/uploads/2019/11/AI.jpg
Java Structural Design Patterns ‚Äì Bridge Pattern,"Bridge Pattern is one of the structural design patterns. As the name of the pattern is BRIDGE , it divides one class in 2 parts i.e., Abstraction and Implementation and",Supriya,2019,Nov 13,https://www.opencodez.com/java/bridge-pattern.htm,https://www.opencodez.com/wp-content/uploads/2019/11/Java-Design-Patterns-Bridge-Pattern.png
Apply Machine Learning Algorithms on a Loan Delinquency Problem ‚Äì Part2,"Hope the¬†previous article¬†on exploration of the Loan Default data was informative. As stated, it is time to talk about encoding of a few categorical columns in our data. In this",Rounak,2019,Nov 7,https://www.opencodez.com/how-to-guide/machine-learning-algorithms-on-loan-delinquency-problem.htm,https://www.opencodez.com/wp-content/uploads/2019/11/Tree-Based-Algorithms-on-a-Loan-Delinquency-Problem.png
What is Full Stack Developer? Simple Easy Guide To Become The One,Full Stack Developer is the latest trend going on in the job market. If you look across various job portals you can easily spot the demand for Full Stack Developers,Pavan,2019,Oct 24,https://www.opencodez.com/how-to-guide/full-stack-developer.htm,https://www.opencodez.com/wp-content/uploads/2019/10/Full-Stack-Developer-200x200.jpeg
Java Creational Design Patterns ‚Äì Prototype Pattern,"Prototype pattern comes under creational design pattern. As we know, in Java object creation process is time consuming and costly, so instead of creating object every time we can create",Supriya,2019,Oct 19,https://www.opencodez.com/java/prototype-pattern.htm,https://www.opencodez.com/wp-content/uploads/2019/10/Java-Design-Patterns-Prototype-Pattern.png
How to Perform Exploratory Data Analysis on a Loan Delinquency Problem -Part1,Hello readers!! We are back with another problem on machine learning and this time we are going to consider a numerical problem. Here we will focus on performing Exploratory data,Rounak,2019,Oct 5,https://www.opencodez.com/machine-learning/how-to-perform-exploratory-data-analysis-on-a-loan-delinquency-problem.htm,https://www.opencodez.com/wp-content/uploads/2019/10/Loan-Delinquency-Problem.png
SQL for QA: Tutorial#14 ‚Äì Triggers,"Triggers are nothing but action / set of actions performed on Tables ¬†or Views when Insert / Delete / Update or Truncate queries are executed. What kind of Actions ,",Supriya,2019,Oct 3,https://www.opencodez.com/software-testing/sql-for-qa-tutorial14-triggers.htm,https://www.opencodez.com/wp-content/uploads/2019/10/SQL-for-QA-Triggers.png
SQL for QA: Tutorial#13 ‚Äì Stored Functions,"Testing team uses Stored Functions very often to test complex functionalities, mainly where lot of calculations are involved. It is easier to use functions for it than writing long query",Supriya,2019,Sep 26,https://www.opencodez.com/software-testing/sql-for-qa-tutorial13-stored-functions.htm,https://www.opencodez.com/wp-content/uploads/2019/09/SQL-for-QA-Stored-Functions.png
SQL for QA: Tutorial#12 ‚Äì Stored Procedure,"A Stored Procedure can be used like a modular programming where we must create procedure once, store it and call for several times whenever it is needed. Execution time is",Supriya,2019,Sep 25,https://www.opencodez.com/software-testing/sql-qa-tutorial11-stored-procedure.htm,https://www.opencodez.com/wp-content/uploads/2019/09/SQL-for-QA-Stored-Procedure.png
SQL for QA: Tutorial#11 ‚Äì Views,"In simple words, View is a ‚ÄòSubset‚Äô of¬† one or multiple tables. A View can be a Virtual Table which contains all¬†OR some of the rows and columns of the",Supriya,2019,Sep 18,https://www.opencodez.com/software-testing/sql-for-qa-tutorial11-views.htm,https://www.opencodez.com/wp-content/uploads/2019/09/Views.png
SQL for QA: Tutorial#10 ‚Äì Sub Queries,"Sub Query is nothing but a nested query or we can say query within a query. Frankly speaking, I have not used sub queries that often in my 10 years",Supriya,2019,Sep 15,https://www.opencodez.com/software-testing/sql-qa-tutorial10-sub-queries.htm,https://www.opencodez.com/wp-content/uploads/2019/09/Sub-Queries.png
React Native:Tutorial #7 ‚Äì Top 10 React Native Libraries,"React Native community is huge. Most web developers prefer to learn React Native than two languages for android and iOS. Almost in any development framework, it is really hard to",Pavan,2019,Sep 11,https://www.opencodez.com/react-native/top-10-react-native-libraries.htm,https://www.opencodez.com/wp-content/uploads/2019/09/Top-10-React-Native-libraries.png
React Native:Tutorial #6 ‚Äì React Native Animation,"One of the best way to improve user experience in mobile application is to use animation. In Android and iOS native development, animation is handled differently. Also, not all animations",Pavan,2019,Sep 9,https://www.opencodez.com/react-native/react-native-animation.htm,https://www.opencodez.com/wp-content/uploads/2019/09/React-Native-Animation.png
React Native:Tutorial #5 ‚Äì React Native API Integration,React Native API Integration is one of the easiest way to¬†fetch data from a remote urls. You can user¬†the API integration to use not only GET request¬†but we can also,Pavan,2019,Sep 5,https://www.opencodez.com/react-native/react-native-api-integration.htm,https://www.opencodez.com/wp-content/uploads/2019/09/React-Native-API-Integration.png
React Native:Tutorial #4 ‚Äì React Native UI Components,"In this blog post, we will learn few commonly used React Native UI Components. We can use different types of UI elements in a react-native project. But remember that it",Pavan,2019,Sep 3,https://www.opencodez.com/react-native/react-native-ui-components.htm,https://www.opencodez.com/wp-content/uploads/2019/09/React-Native-UI-Components.png
React Native:Tutorial #3 ‚Äì Styling React Native App,"Styling is one of the important part of application development. For native android development, XML is used to design the UI. Similarly, for native iOS development, XCode is required. But",Pavan,2019,Sep 1,https://www.opencodez.com/react-native/tutorial-3-styling-react-native-app.htm,https://www.opencodez.com/wp-content/uploads/2019/09/Styling-React-Native-App.png
React Native:Tutorial #2 ‚Äì React Native Props and State,"‚Äòprops‚Äô and ‚Äòstate‚Äô are two important concepts in React Native. Using React Native Props and State, we can control one component. In this tutorial, we will learn how to use",Pavan,2019,Aug 29,https://www.opencodez.com/react-native/react-native-props-and-state.htm,https://www.opencodez.com/wp-content/uploads/2019/08/React-Native-Props-and-State-200x200.png
React Native:Tutorial #1 ‚Äì React Native Introduction,"React was started by Facebook. They have used internally before open-sourced it. With React, we can create component-based architecture for a web application. React native is similar to react. It",Pavan,2019,Aug 28,https://www.opencodez.com/react-native/react-native-introduction.htm,https://www.opencodez.com/wp-content/uploads/2019/08/React-Native-Introduction-200x200.png
Micronaut Framework ‚Äì Complete Guide with Sample Example,"Micronaut Framework is one of the recently introduced JVM-based framework for building lightweight, modular applications and microservices.¬† In this article we will briefly take you through some of the Micronaut",Pavan,2019,Aug 21,https://www.opencodez.com/java/introduction-to-micronaut-framework.htm,https://www.opencodez.com/wp-content/uploads/2019/08/Micronaut-150x100.png
Sentiment Analysis of Tweets ‚Äì Predicting Sentiments using Machine Learning Algorithms,Sentiment Analysis of Tweets: This post is in continuation of the¬†previous article where we created a twitter app and established a connection between R and the Twitter API via the,Rounak,2019,Jul 31,https://www.opencodez.com/machine-learning/sentiment-analysis-tweets-predicting-sentiments-using-machine-learning-algorithms.htm,https://www.opencodez.com/wp-content/uploads/2019/07/Creating-a-Twitter-API-and-fetch-tweets-using-R.png
Sentiment Analysis of Tweets ‚Äì Connecting to Twitter API +Fetching Tweets using R,"Sentiment Analysis of Tweets: Twitter is a popular source to extract text data related to any product, company, individual or event. Let us consider an example of the Cricket World",Rounak,2019,Jul 26,https://www.opencodez.com/how-to-guide/sentiment-analysis-tweets-creating-twitter-api-fetch-tweets-using-r.htm,https://www.opencodez.com/wp-content/uploads/2019/07/Creating-a-Twitter-API-and-fetch-tweets-using-R.png
Java Creational Design Patterns ‚Äì Builder Pattern,Builder pattern is one of the Creational design pattern. This pattern uses step by step approach to build a complex object. So we can say this pattern provides easy way,Supriya,2019,Jul 25,https://www.opencodez.com/java/java-creational-design-patterns-builder-pattern.htm,https://www.opencodez.com/wp-content/uploads/2019/07/Builder-Pattern-e1564311744589.png
Top 5 Frameworks for Java Developers,"Java is one of the widely used programming languages. There are many useful Java frameworks available to write any Java-based web and mobile apps, REST APIs and Microservices easily. In",Pavan,2019,Jul 17,https://www.opencodez.com/java/top-5-frameworks-java-developers.htm,https://www.opencodez.com/wp-content/uploads/2019/07/Top-5-Frameworks-for-Java-Developers.png
Java Structural Design Patterns ‚Äì Proxy Pattern,Do you remember signing your class attendance sheet on behalf of your friend (well of course your teacher doesn‚Äôt have to know :)). That is called Proxy. It means ‚Äúin,Supriya,2019,Jul 10,https://www.opencodez.com/java/java-structural-design-patterns-proxy-pattern.htm,https://www.opencodez.com/wp-content/uploads/2019/07/Proxy-Pattern.png
WebSocket Application With Spring Boot Step By Step ‚Äì Source Code On GitHub,"WebSocket is used to develop two-way communication between server and browser. For example, in a chat application, if a user sends a message to a different user, the application sends",Pavan,2019,Jul 8,https://www.opencodez.com/java/simple-websocket-application-springboot.htm,https://www.opencodez.com/wp-content/uploads/2019/07/Websocket.png
What is Docker ‚Äì Complete Docker Tutorial for Beginners,What is Docker ? Why Docker-based applications are gaining popularity rapidly? Docker Platform is used for running an application in any platform easily. If you have developed your application on,Pavan,2019,Jul 1,https://www.opencodez.com/java/beginners-guide-docker-platform.htm,https://www.opencodez.com/wp-content/uploads/2019/06/docker.png
Java Creational Design Patterns ‚Äì Singleton Pattern,Singleton Pattern is one of the Creational design pattern. The singleton pattern puts restriction on object creation process; it restricts the instantiation of a class to one object. If we,Supriya,2019,Jun 26,https://www.opencodez.com/java/singleton-pattern.htm,https://www.opencodez.com/wp-content/uploads/2019/06/Singleton-Pattern.png
Web Scraping Using Beautiful Soup Word Cloud + Python ‚Äì Tutorial Part 2,"Web Scraping Using Beautiful Soup: In our previous article, we understood what is Web Scraping? why Web Scraping? Different ways for web scraping and step by step tutorial of Web",Rounak,2019,Jun 24,https://www.opencodez.com/web-development/web-scraping-using-beautiful-soup-word-cloud-part-2.htm,https://www.opencodez.com/wp-content/uploads/2019/06/word-image-13.png
Web Scraping Using Beautiful Soup + Python ‚Äì Tutorial Part 1,"Web Scraping Using Beautiful Soup: In this article, we will see what is Web Scraping? why Web Scraping? Different ways for web scraping and step by step tutorial of Web",Rounak,2019,Jun 20,https://www.opencodez.com/web-development/web-scraping-using-beautiful-soup-part-1.htm,https://www.opencodez.com/wp-content/uploads/2019/06/Web-Scraping-using-Beautiful-Soup.png
A Beginners Guide to Kotlin,What is Kotlin ? Kotlin is an expressive Open Source Programing Language with Type Interface for Android development which supports Java Virtual Machine. Google has adopted Kotlin as an official,Pavan,2019,Jun 17,https://www.opencodez.com/java/beginners-guide-kotlin.htm,https://www.opencodez.com/wp-content/uploads/2019/06/Kotlin.png
GraphQL Tutorial#6 : 51 Most Imp GraphQL Interview Questions and Answers,"To conclude our 5 Articles Series on GraphQL, here we are providing 51 Most Important and Frequently Asked GraphQL Interview Questions. These questions will be very useful for you to",Pavan,2019,Jun 12,https://www.opencodez.com/web-development/tutorial6-51-imp-graphql-interview-questions-answers.htm,https://www.opencodez.com/wp-content/uploads/2019/06/GraphQL-Interview-Questions.png
GraphQL Tutorial #5 ‚Äì Introduction to Apollo GraphQL,"In this tutorial, we will learn how to create one full-stack ‚Äòtodo‚Äô application using Apollo GraphQL, Node and React. We will use ‚Äòmaterial ui‚Äô library for building the UI in",Pavan,2019,Jun 10,https://www.opencodez.com/web-development/graphql-tutorial-5-introduction-apollo-graphql.htm,https://www.opencodez.com/wp-content/uploads/2019/05/Apollo-GraphQL.png
GraphQL Tutorial #4 ‚Äì GraphQL Operations,"In this blog post, we are going to discuss three important GraphQL Operations concepts: queries, mutation, and subscription. GraphQL queries are used to fetch data from a GraphQL server, similar",Pavan,2019,Jun 6,https://www.opencodez.com/web-development/tutorial-4-graphql-operations.htm,https://www.opencodez.com/wp-content/uploads/2019/05/GraphQL-Operations.png
GraphQL Tutorial #3 ‚Äì GraphQL Components,"We can use different languages to implement a GraphQL server. GraphQL is a strongly typed language and it is really important to learn about the type system. Also, even though",Pavan,2019,Jun 4,https://www.opencodez.com/web-development/tutorial-3-graphql-components.htm,https://www.opencodez.com/wp-content/uploads/2019/05/GraphQL-Components.png
GraphQL Tutorial #2 ‚Äì Setting up a Basic Project in GraphQL,"Introduction: GraphQL is a query language used for APIs. Unlike REST, GraphQL has only one endpoint and client can ask for what is actually required. We can write a GraphQL",Pavan,2019,Jun 2,https://www.opencodez.com/graphql/graphql-tutorial-2-setting-basic-project-graphql.htm,https://www.opencodez.com/wp-content/uploads/2019/05/GraphQL-Setting-Up-Base-Project.png
GraphQL Tutorial #1 ‚Äì Introduction to GraphQL,Introduction : GraphQL is a query language for your API and it is also a set of server-side runtimes to execute these queries. It is a powerful alternative to the,Pavan,2019,May 31,https://www.opencodez.com/graphql/graphql-tutorial-1-introduction-graphql.htm,https://www.opencodez.com/wp-content/uploads/2019/05/GraphQL.png
A Beginner‚Äôs Guide to Microsoft Web Template Studio (VS Code) ‚Äì Step By Step,"Recently, Microsoft has announced a cross-platform extension for Visual studio code (VSC) called Microsoft Web Template Studio. ‚ÄòWeb template studio‚Äô provides a developer-friendly wizard to create one full-stack web application.",Pavan,2019,May 29,https://www.opencodez.com/web-development/introduction-microsoft-web-template-studio.htm,https://www.opencodez.com/wp-content/uploads/2019/05/Microsoft-Web-Template-Studio.png
SQL for QA: Tutorial#9 ‚Äì JOIN Clause,"JOIN clause is used to combine data from two or more tables, after joining it comes as a single set of data and we can call it Result set. Tables",Supriya,2019,May 27,https://www.opencodez.com/software-testing/sql-qa-tutorial9-join-clause.htm,https://www.opencodez.com/wp-content/uploads/2019/05/Join-Clause.png
SQL for QA: Tutorial#8 ‚Äì UNION Clause,"QAs also use UNION clause frequently if need to do through testing of application functionalities with data. By using the UNION operator, we can combine the results of 2 or",Supriya,2019,May 22,https://www.opencodez.com/software-testing/sql-qa-tutorial8-union-clause.htm,https://www.opencodez.com/wp-content/uploads/2019/05/UNION-Clause.png
SQL for QA: Tutorial#7 ‚Äì GROUP BY Clause,"The GROUP BY clause is used to organize identical data into groups often with the help of 5 Aggregate functions ie. COUNT, MIN, MAX, AVG, SUM. GROUP BY clause is",Supriya,2019,May 19,https://www.opencodez.com/software-testing/sql-qa-tutorial7-group-clause.htm,https://www.opencodez.com/wp-content/uploads/2019/05/GROUP-BY-Clause.png
SQL for QA: Tutorial#6 ‚Äì ORDER BY Clause,"In SQL, ORDER BY clause is used to sort the records of the table. It is used with SELECT statement. Using this clause, we can sort the data by Ascending",Supriya,2019,May 10,https://www.opencodez.com/software-testing/sql-qa-tutorial6-order-clause.htm,https://www.opencodez.com/wp-content/uploads/2019/05/ORDER-BY.png
SQL for QA: Tutorial#5 ‚Äì DELETE Statement,DELETE Statement is used to permanently removes existing records from a given table. Most of the time QAs won‚Äôt have permission to perform this command on Development or Production environment.,Supriya,2019,May 8,https://www.opencodez.com/software-testing/sql-qa-tutorial5-delete-statement.htm,https://www.opencodez.com/wp-content/uploads/2019/05/DELETE.png
SQL for QA: Tutorial#4 ‚Äì UPDATE Statement,UPDATE Statement is also frequently used by Testers and QAs. UPDATE is used to modify already existing records from the database table. In this article we will see how we,Supriya,2019,May 6,https://www.opencodez.com/software-testing/sql-qa-tutorial4-update-statement.htm,https://www.opencodez.com/wp-content/uploads/2019/05/UPDATE.png
Speed up your WordPress Site ‚Äì No Coding Required ‚Äì Part 2,"In part 1 Speed up your WordPress Site we showed you how to speed up your site mainly from a front end point of view. That is, by reducing the",Pavan,2019,May 3,https://www.opencodez.com/wordpress/speed-wordpress-site-no-coding-required-part-2.htm,https://www.opencodez.com/wp-content/uploads/2019/05/Speed-up-your-WordPress-Site.png
Speed up your WordPress Site ‚Äì No Coding Required ‚Äì Part 1,"In this article, we will show you how to reduce the page load time and Speed up your WordPress Site by disabling unnecessary page bloat and optimizing image size while",Pavan,2019,May 1,https://www.opencodez.com/wordpress/speed-up-your-wordpress-site-part-1.htm,https://www.opencodez.com/wp-content/uploads/2019/05/Speed-up-your-WordPress-Site.png
51 Most Important ReactJS Interview Questions and Answers,"To conclude our 6 Articles Series on ReactJS, here we are providing 51 Most Important and Frequently Asked ReactJSInterview Questions. These questions will be very useful for you to crack",Pavan,2019,Apr 26,https://www.opencodez.com/web-development/51-important-reactjs-interview-questions-answers.htm,https://www.opencodez.com/wp-content/uploads/2019/04/ReactJS-Interview-Questions-and-Answers.png
10 Practical Reasons Why Software Testing / QA is a Good Career Option,If you are fresher and thinking which career to choose? Software Development or Software Testing / QA? Why Software Testing / QA is a good career option? Does Testing have,Shilpa,2019,Apr 23,https://www.opencodez.com/software-testing/10-practical-reasons-software-testing-good-career-option.htm,https://www.opencodez.com/wp-content/uploads/2018/04/Testing-Career-Good-Option.jpg
Unit Testing of Java Application using JUnit with Example ‚Äì Simple Detailed Guide,"Unit testing is the process of testing individual units or components of the software. With unit testing, the smallest part of the software is tested like a class, method, or",Pavan,2019,Apr 20,https://www.opencodez.com/java/simple-guide-unit-testing-java-application-using-junit.htm,https://www.opencodez.com/wp-content/uploads/2019/04/Junit-1.png
SQL for QA: Tutorial#3 ‚Äì INSERT INTO Statement,"Many times, QAs don‚Äôt find sufficient data in QA environment for testing. So they need to create some dummy data specific to their test cases. They also need to add",Supriya,2019,Apr 19,https://www.opencodez.com/software-testing/sql-qa-tutorial3-insert-statement.htm,https://www.opencodez.com/wp-content/uploads/2019/04/Insert-Statement.png
SQL For QA : Tutorial#2 ‚Äì Where Clause,"I believe WHERE clause is the most frequently used clause with SELECT statement by QAs. WHERE clause is not a compulsory clause in a SQL query, but a optional one",Supriya,2019,Apr 18,https://www.opencodez.com/software-testing/sql-qa-tutorial2-clause.htm,https://www.opencodez.com/wp-content/uploads/2019/04/Where-Clause-1.png
SQL For QA : Tutorial#1 ‚Äì Select Query,"The use of SQL is not limited to developers only. If you are a Tester or QA professional, you also need to run some tests against databases, verify data using",Supriya,2019,Apr 17,https://www.opencodez.com/software-testing/sql-for-qa-tutorial-select-query.htm,https://www.opencodez.com/wp-content/uploads/2019/04/SQL-for-QA-1.png
Java Creational Design Patterns ‚Äì Abstract Factory Pattern,The Abstract Factory Pattern is one of the creational design patterns. We can say Abstract Factory patterns acts as a super-factory which produces other factories.¬†The role of the Abstract Factory¬†is,Supriya,2019,Apr 8,https://www.opencodez.com/java/abstract-factory-pattern.htm,https://www.opencodez.com/wp-content/uploads/2019/04/Abstract-Factory-Pattern.png
Practical Defect Life Cycle followed in IT companies,"12 years back, as an aspiring QA, theoretically, I knew everything about a defect. What defect is? How it is different from an error? But what I didn‚Äôt know and",Shilpa,2019,Mar 15,https://www.opencodez.com/software-testing/practical-defect-life-cycle-followed-in-it-companies.htm,https://www.opencodez.com/wp-content/uploads/2019/03/Defect-Life-Cycle.png
Java Structural Design Patterns ‚Äì Composite Pattern,Composite Pattern¬†is¬†considered as¬†a Structural¬†Design Pattern. This pattern describes a group of objects and treating them as an individual instance of the same type of object because all exhibiting similar functionality.,Pavan,2019,Feb 11,https://www.opencodez.com/java/composite-pattern.htm,https://www.opencodez.com/wp-content/uploads/2019/02/Composite-Pattern.png
Simple Guide to Spark Framework for Microservices,We have discussed the Microservices concepts like What are Microservices? Why to use it? When to use it? in our previous article ‚Äù An Introduction to Microservices Architecture‚Äù Spark Framework,Pavan,2019,Jan 18,https://www.opencodez.com/java/spark-framework-for-microservices.htm,https://www.opencodez.com/wp-content/uploads/2019/01/Spark_Java_Logo.png
Mendix Low Code ‚Äì Application Development With Example,"When was the last time as a developer you were able to develop a simple CRUD application in less than 20 mins? Well, you don‚Äôt remember it,¬†do you? Mendix low",Pavan,2018,Dec 25,https://www.opencodez.com/web-development/mendix-low-code-platform-rapid-development.htm,https://www.opencodez.com/wp-content/uploads/2018/12/Mendix-Logo.jpg
Java Behavioral Design Patterns ‚Äì Null Object Pattern,"The Null Object Pattern is one of the behavioral design patterns, it is an object with clear neutral or null behavior.¬†It is called as Null object because by default¬†it does",Supriya,2018,Dec 21,https://www.opencodez.com/java/null-object-pattern.htm,https://www.opencodez.com/wp-content/uploads/2018/12/Null-Object-Pattern-Featured.jpg
ReactJS Tutorial# 6 ‚Äì ReactJS Best Practices,"Remember, clean code is a consistent style of programming which makes your code much easier to write, read, and maintain. After few tutorials on ReactJS, we will take a look",Pavan,2018,Dec 13,https://www.opencodez.com/reactjs/reactjs-best-practices.htm,https://www.opencodez.com/wp-content/uploads/2018/12/ReactJS-Tutorial-ReactJS-Best-Practices.jpg
"What is Performance Testing? Understand its Types, Tools and Skills required and Career growth",Recently everyone is talking about Performance Testing and recently you might have seen the rise in requirements specifically for Performance Testers on job portals. MNCs are on a hiring spree,Shilpa,2018,Dec 11,https://www.opencodez.com/software-testing/what-is-performance-testing-performance-testing-types-tools-skills-required-and-career-growth.htm,https://www.opencodez.com/wp-content/uploads/2018/12/Performance_Testing_Types-1.png
ReactJS Tutorial# 5 ‚Äì React Flux and Redux,What is Flux? its the obvious question that comes to our mind when we hear this word. Flux is an application architecture style. This is¬†used by Facebook internally when working,Pavan,2018,Nov 29,https://www.opencodez.com/reactjs/reactjs-tutorial-5-react-flux-and-redux.htm,https://www.opencodez.com/wp-content/uploads/2018/11/ReactJS-Tutorial-React-Flux-and-Redux.jpg
"ReactJS Tutorial# 4 ‚Äì Forms, Events and Keys",We must admit that forms are very useful in any web application. If you have previous experience in Angular you are aware that it gives form validation out of the,Pavan,2018,Nov 20,https://www.opencodez.com/reactjs/reactjs-tutorial-4-forms-events-keys.htm,https://www.opencodez.com/wp-content/uploads/2018/11/ReactJS-Tutorial-Forms-Events-and-Keys.jpg
ReactJS Tutorial# 3 ‚Äì Component State and Lifecycle,"Components are the building blocks of any React app. Of course. We already know that! From where? We read it in this article. Ohh, well I guess you also read",Pavan,2018,Nov 16,https://www.opencodez.com/reactjs/reactjs-component-state-and-lifecycle.htm,https://www.opencodez.com/wp-content/uploads/2018/11/ReactJS-Tutorial-ReactJS-Component-State-and-Lifecycle.jpg
ReactJS Tutorial# 2 ‚Äì Components and Props,"Because you are here, reading this, I assume that you have already created your first React application. It was not hard at all, right? If you haven‚Äôt already done so,",Pavan,2018,Nov 11,https://www.opencodez.com/reactjs/reactjs-components-and-props.htm,https://www.opencodez.com/wp-content/uploads/2018/11/ReactJS-Tutorial-Components-and-Props.jpg
ReactJS Tutorial# 1 ‚Äì An Introduction,"React¬† or¬†ReactJS is rapidly taking center stage as one of the leading choices for Application Development. In this tutorial series, we are going to understand and go through some concepts",Pavan,2018,Nov 2,https://www.opencodez.com/reactjs/reactjs-an-introduction.htm,https://www.opencodez.com/wp-content/uploads/2018/11/ReactJS-Tutorial-1.jpg
Simple and Easy way to connect MongoDB Atlas with Spring Boot,"In this brief article, we will see how we can use MongoDB Atlas with Spring Boot.¬†MongoDB Atlas is Database as a Service. With database available on the cloud you can",Pavan,2018,Oct 27,https://www.opencodez.com/java/use-mongodb-atlas-with-spring-boot.htm,https://www.opencodez.com/wp-content/uploads/2018/10/Use-MongoDB-Atlas-with-Spring-Boot.jpg
Java Structural Design Patterns ‚Äì Facade Pattern,Facade Pattern provides the ease of usability for a system¬†by hiding its complexity. It comes under a Structural design pattern. In¬†this pattern client code can access the system but it,Supriya,2018,Oct 11,https://www.opencodez.com/java/facade-pattern.htm,https://www.opencodez.com/wp-content/uploads/2018/10/Facade-Pattern.jpg
Simple CRUD application using Node.js and Mongoose,"In this article, we are going to develop a Simple¬†CRUD application using Node.js and Mongoose. Software¬†used Node.js Express Mongoose Handlebars VS Code Mongoose Mongoose provides a simple and straight-forward, schema-based",Pavan,2018,Sep 29,https://www.opencodez.com/javascript/simple-crud-application-using-node-js-mongoose.htm,https://www.opencodez.com/wp-content/uploads/2018/09/node-logo.jpg
Easiest way to speedup your WordPress Website with CloudFlare for Free,"Need for Speed, this could not be truer in the Age of the Internet. Every webmaster is trying to turn all the stones to serve his site faster and reap",Pavan,2018,Sep 20,https://www.opencodez.com/how-to-guide/wordpress-cloudflare-free.htm,https://www.opencodez.com/wp-content/uploads/2018/09/cloudflare-1.jpg
Simple and Easy way to Build a RESTful API using Node.js,"REpresentational State Transfer in short REST is a web standard-based architecture that mainly uses HTTP Protocol. In the RESTful architecture, the Server simply provides access to the resources, and the",Pavan,2018,Sep 10,https://www.opencodez.com/javascript/build-restful-api-using-node-js.htm,https://www.opencodez.com/wp-content/uploads/2018/09/node-js-restful-api.png
Steps to develop Spring Batch jobs using Spring Boot with example,"Spring Batch¬†is a¬†lightweight¬†batch framework which can be used by enterprise systems to develop robust batch applications for the daily operations. In this article, we will see a simple Spring Batch",Pavan,2018,Sep 4,https://www.opencodez.com/java/spring-batch-with-spring-boot.htm,https://www.opencodez.com/wp-content/uploads/2018/09/spring-batch-reference-model.png
Project Lombok ‚Äì A Java Library to Reduce Boilerplate Code,"All Java projects, be it small or a big enterprise mission critical project, it needs¬† POJOs. These classes form your model, beans, entities etc. When we deal with POJO, we",Pavan,2018,Aug 30,https://www.opencodez.com/java/project-lombok.htm,https://www.opencodez.com/wp-content/uploads/2018/08/lombok.png
Static Website With Node js Webserver Step By Step ‚Äì Source Code on GitHub,"In this article, we will see how we can build a Static Website with Node JS Webserver. The Node.js has changed many programming paradigms and made Javascript as one of",Pavan,2018,Aug 25,https://www.opencodez.com/java-script/static-website-with-node-js-webserver.htm,https://www.opencodez.com/wp-content/uploads/2018/08/nodejs.png
12 effective tips to write impressive and catchy QA/Software Tester‚Äôs Resume to surely get call for an interview,"When I was fresher, like all others, I used to submit my resume to all job sites, job fairs, and almost all companies. But I never received any response from",Shilpa,2018,Aug 12,https://www.opencodez.com/software-testing/12-effective-ways-write-catchy-qa-software-tester-resume.htm,https://www.opencodez.com/wp-content/uploads/2018/08/12-steps-to-write-catchy-QA-resume.jpg
Simplest and Easy way to Upload and Download Files in Java with Spring Boot,"Uploading and Downloading¬†Files is one of the core functionality that any Enterprise Application wants to incorporate. In this article, we will see¬†How to Upload and Download Files in Java with¬†Spring",Pavan,2018,Aug 1,https://www.opencodez.com/java/file-upload-and-download-in-java-spring-boot.htm,https://www.opencodez.com/wp-content/uploads/2018/08/File-Upload-and-Download-in-Java-Spring-Boot.png
Java Structural Design Patterns ‚Äì Adapter Pattern,Adapter pattern comes under Structural Design Pattern. This pattern combines the capability of two independent interfaces and¬†works as a bridge between two incompatible interfaces. The Adapter pattern usually involves one,Supriya,2018,Jul 17,https://www.opencodez.com/java/adapter-pattern.htm,https://www.opencodez.com/wp-content/uploads/2018/07/Adapter-Pattern.png
Simple Guide to Learn Spring Boot Actuators with Example ‚Äì Source Code on GitHub,"In this article, we will understand the Spring Boot Actuators. We will go through the implementation and basic usage of this fantastic Spring Boot feature. Softwares used Spring Boot 2.0.2.RELEASE",Rahul,2018,Jul 5,https://www.opencodez.com/java/spring-boot-actuators.htm,https://www.opencodez.com/wp-content/uploads/2018/07/Spring-Boot-Actuators.png
Simple Step by Step Guide to Move WordPress Site from HTTP to HTTPS for FREE,"Recently Google has announced that Chrome will start showing ‚ÄúNOT SECURE‚Äù warnings for all HTTP pages it opens. It may not break your site, but its definitely¬†going to have the",Pavan,2018,Jul 1,https://www.opencodez.com/wordpress/move-wordpress-site-from-http-to-https.htm,https://www.opencodez.com/wp-content/uploads/2018/07/cert-bot.jpg
101 Most Important Frequently Asked Salesforce Interview Questions,"To conclude our 16 Articles Series on Salesforce, here we are providing 101 Most Important Frequently Asked Salesforce Interview Questions. These questions will be very useful for you to crack",Renuka,2018,Jun 28,https://www.opencodez.com/salesforce/salesforce-interview-questions.htm,https://www.opencodez.com/wp-content/uploads/2018/06/Salesforce-Interview-Questions-1.png
Java Structural Design Patterns ‚Äì Decorator Pattern,The Decorator Pattern comes under the Structural pattern. By using the decorator pattern we can modify the functionality of an object dynamically. The functionality of an object is extended by,Supriya,2018,Jun 18,https://www.opencodez.com/java/decorator-pattern.htm,https://www.opencodez.com/wp-content/uploads/2018/06/Java-Design-Patterns-Decorator-Pattern.png
101 Most Important Frequently Asked Advance Java Interview Questions ‚Äì Part 2,"In continuation of our previous article¬†101 Core Java Interview Questions to Ace the Interview, this is the second part where we cover Advance Java Interview Questions. Read first part ‚Äì¬†101",Supriya,2018,Jun 14,https://www.opencodez.com/java/101-important-frequently-asked-advance-java-interview-questions-part-2.htm,https://www.opencodez.com/wp-content/uploads/2018/03/Core-Java-Interview-Questions-Featured.png
101 Most Important Frequently Asked Advance Java Interview Questions ‚Äì Part 1,"In this article, we are going to list down 101 Most Important and Frequently Asked Advanced Java Interview Questions that will give you enough exposure and confidence to ace at",Supriya,2018,Jun 12,https://www.opencodez.com/java/101-important-frequently-asked-advance-java-interview-questions-part1.htm,https://www.opencodez.com/wp-content/uploads/2018/03/Core-Java-Interview-Questions-Featured.png
Connecting Multiple Databases With Spring Data JPA ‚Äì Source Code On GitHub,"Usually, when you build an application you intend to connect to a single database. Its often not required to connect to multiple data sources¬†unless you working on an ETL kind",Pavan,2018,Jun 5,https://www.opencodez.com/java/connecting-multiple-databases-spring-data-jpa.htm,https://www.opencodez.com/wp-content/uploads/2018/06/Connecting-to-Multiple-databases-with-Spring-Data-JPA.jpg
Step By Step Implementation Of Microservices with Spring Boot ‚Äì Sample Code Provided,"We have discussed the Microservices concepts like What are Microservices? Why use it? When to use it? in our previous article ‚Äù An Introduction to Microservices Architecture‚Äù In this article,",Rahul,2018,May 24,https://www.opencodez.com/java/microservices-action-spring-boot.htm,https://www.opencodez.com/wp-content/uploads/2018/05/MSB-150x100.png
Java Creational Design Patterns ‚Äì Factory Method Pattern,"In this article, we will discuss¬†Factory Method Pattern.¬†This pattern is organized under¬†creational pattern¬†as it deals with the creation of the object. This design pattern is based on one of the",Supriya,2018,May 22,https://www.opencodez.com/java/factory-method-pattern.htm,https://www.opencodez.com/wp-content/uploads/2018/05/Factory-Method-Pattern.png
6 Easy Steps to Write Test Summary Report (TSR) or Test Closure Report ‚Äì Free Sample TSR to download,"In this article, we will learn what is Test Summary Report? Who prepares it? when is it prepared? Who are the stakeholders? What are the points to include in TSR",Shilpa,2018,May 14,https://www.opencodez.com/software-testing/6-easy-steps-to-write-test-summary-report.htm,https://www.opencodez.com/wp-content/uploads/2018/05/INDEX2.png
An Introduction to Microservices Architecture ‚Äì Simple and Easy To Understand,"You must have been on a train many times in your life, but have you noticed the architectural pattern of the train. Is it¬†Microservices Architecture? let us see. The trains",Rahul,2018,May 11,https://www.opencodez.com/web-development/introduction-microservices-architecture.htm,https://www.opencodez.com/wp-content/uploads/2018/05/microservices-application.jpg
Understanding Performance Improvement for Map in Java 8,"What is new in Java 8 for Map!! Folks, A significant change has been shipped in Java 8 release for Map. Of course, it is leaving the shore for better",Rahul,2018,May 9,https://www.opencodez.com/java/java8-map-performance-improvements.htm,https://www.opencodez.com/wp-content/uploads/2018/05/Java8-Map-Performance-Improvements.png
Java Behavioral Design Patterns ‚Äì Memento Design Pattern,"In this article, we will cover one Memento Design Pattern which is categorized¬†under behavioral design patterns. This pattern provides the capability to provide a restore (like undo) functionality over an",Supriya,2018,May 5,https://www.opencodez.com/java/memento-design-pattern.htm,https://www.opencodez.com/wp-content/uploads/2018/05/Memento-Design-Pattern.jpg
Simple Text Classification using Keras Deep Learning Python Library ‚Äì Step By Step Guide,"Deep Learning is everywhere. All organizations big or small, trying to leverage the technology and invent some cool solutions. In this article, we will do a text classification using Keras",Pavan,2018,Apr 30,https://www.opencodez.com/how-to-guide/text-classification-using-keras.htm,https://www.opencodez.com/wp-content/uploads/2018/04/Keras.jpg
Simple Guide to Improve Code Quality With SonarLint,"In this article, we will learn to Configure sonarLint in IDE, identify and fix quality gaps, and improve our Code Quality With Sonarlint. Oops!! how could I missed it!! this",Rahul,2018,Apr 26,https://www.opencodez.com/how-to-guide/improve-code-quality-with-sonarlint.htm,https://www.opencodez.com/wp-content/uploads/2018/04/sonarlint-featured-image.png
Java Behavioral Design Patterns ‚Äì Observer Design Pattern,"Observer Design Pattern is listed under¬†Behavioral Design Patterns as it can alter the behavior of the program. In this article, we will understand this pattern with a simple example. This",Supriya,2018,Apr 16,https://www.opencodez.com/java/observer-design-pattern.htm,https://www.opencodez.com/wp-content/uploads/2018/04/Observer-Design-Pattern.png
Salesforce Tutorial# 16: Learning Salesforce Apex and Deployment Tools,"Apex is the backbone of Salesforce development. In this article, we will see a few points that will help you in Learning Salesforce Apex. Introduction of Salesforce Apex Classes: Apex",Renuka,2018,Apr 8,https://www.opencodez.com/salesforce/salesforce-tutorial-16-learning-apex-deployment-tools.htm,https://www.opencodez.com/wp-content/uploads/2018/04/Learning-Apex-Salesforce.png
Spring Mobile To Detect Device In Java Web Application ‚Äì Source Code on GitHub,"Spring Mobile is an extension to Spring MVC framework. It primarily aims to simplify the development of mobile web applications. Spring Mobile To Detect Device: In this article, we will",Pavan,2018,Apr 5,https://www.opencodez.com/java/device-detection-using-spring-mobile.htm,https://www.opencodez.com/wp-content/uploads/2018/04/Spring-Mobile.png
Java Behavioral Design Patterns ‚Äì Mediator Design Pattern,"In this article, we will understand¬†Mediator Design Pattern.¬†This pattern is categorized under behavioral pattern¬†as it can alter the program‚Äôs running behavior. In some cases, the program is made up by",Supriya,2018,Mar 24,https://www.opencodez.com/java/mediator-design-pattern.htm,https://www.opencodez.com/wp-content/uploads/2018/03/Mediator-Design-Pattern-Featured.png
Java Behavioral Design Patterns ‚Äì Visitor Design Pattern,"In this article, we will go through another pattern from behavioral category:¬†Visitor Design Pattern. The visitor design pattern is generally used when you have to do an operation on heterogeneous",Supriya,2018,Mar 13,https://www.opencodez.com/java/visitor-design-pattern.htm,https://www.opencodez.com/wp-content/uploads/2018/03/Visitor-Design-Pattern.png
A Quick Easy Guide to Deep Learning with Java ‚Äì Building Neural Network,"In this article, we will take a brief look at Deep Learning with Java. We are going to build our first simple neural network using¬†Open-Source, Distributed, Deep Learning Library for",Pavan,2018,Mar 8,https://www.opencodez.com/java/deeplearaning4j.htm,https://www.opencodez.com/wp-content/uploads/2018/03/Deep-Learning-1.png
101 Most Important Frequently Asked Core Java Interview Questions to Ace an Interview ‚Äì Part 2,"In continuation of our previous article¬†101 Core Java Interview Questions to Ace the Interview, this is the second part. Read first part ‚Äì¬†101 Core Java Interview Questions to Ace an",Supriya,2018,Mar 1,https://www.opencodez.com/java/101-core-java-interview-questions-to-ace-an-interview-part-2.htm,https://www.opencodez.com/wp-content/uploads/2018/03/Core-Java-Interview-Questions-Featured.png
101 Most Important Frequently Asked Core Java Interview Questions to Ace an Interview ‚Äì Part 1,"In this article, we are going to list down 101 Most Important and Frequently Asked Core Java Interview Questions that will give you enough exposure and confidence to ace at",Supriya,2018,Mar 1,https://www.opencodez.com/java/101-core-java-interview-questions-to-ace-an-interview-part-1.htm,https://www.opencodez.com/wp-content/uploads/2018/03/Core-Java-Interview-Questions-Featured.png
Java Behavioral Design Patterns ‚Äì Iterator Design Pattern,Iterator Design Pattern is one of the Behavioural design patterns in Java. It is used for traversing through the collection of data in a particular class. This pattern hides the,Supriya,2018,Feb 23,https://www.opencodez.com/java/iterator-design-pattern.htm,https://www.opencodez.com/wp-content/uploads/2018/02/Iterator-Design-Pattern.png
Learn 7 Most Important Java8 Features with Easy Examples,It‚Äôs been a long time since Java 8 has been introduced. Java 9 and 10 are already becoming the talk of the town. So its time to learn Java 8,Pavan,2018,Feb 19,https://www.opencodez.com/java/java-8-using-examples.htm,https://www.opencodez.com/wp-content/uploads/2018/02/Java-8-using-Examples.png
Java Behavioral Design Patterns ‚Äì Template Method Design Pattern,"In this article, we will understand one of the simplest design pattern: Template Method Design Pattern.This pattern falls under the behavioral design patterns. The pattern provides the outline or skeleton",Supriya,2018,Feb 15,https://www.opencodez.com/java/template-method-design-pattern.htm,https://www.opencodez.com/wp-content/uploads/2018/02/Template-Method-Design-Pattern-Featured.png
Java Behavioral Design Patterns ‚Äì State Design Pattern,"State design pattern is used when the behavior of an Object changes based on its internal state. In the state pattern, a state machine is implemented by implementing each individual",Supriya,2018,Feb 13,https://www.opencodez.com/java/state-design-pattern.htm,https://www.opencodez.com/wp-content/uploads/2018/02/State-Design-Pattern.png
How to build Soap Web Services with Apache CXF and Spring Boot,"The popularity of Restful Services is rising that does not mean we have forgotten¬†the Soap Web Services. In this article, we will see how to build Soap web services with",Pavan,2018,Feb 10,https://www.opencodez.com/java/soap-web-services-with-apache-cxf-spring-boot.htm,https://www.opencodez.com/wp-content/uploads/2018/02/Apache-CXF-with-Spring-Boot-Featured.png
Java Behavioral Design Patterns ‚Äì Strategy Design Pattern,"The Strategy Design Pattern is one of the behavioral design patterns, it is also called as policy pattern that enables selecting an algorithm at runtime according to requirement. In this",Supriya,2018,Feb 8,https://www.opencodez.com/java/strategy-design-pattern.htm,https://www.opencodez.com/wp-content/uploads/2018/02/Strategy-Design-Pattern-1.png
Java Behavioral Design Patterns ‚Äì Interpreter Design Pattern,The Interpreter design pattern is one of the behavioral design patterns that give specification about how to evaluate sentences in a language. Java compiler or for that matter compiler for,Supriya,2018,Feb 5,https://www.opencodez.com/java/interpreter-design-pattern.htm,https://www.opencodez.com/wp-content/uploads/2018/02/Interpreter-Design-Pattern.png
Configuration Management of WebSphere Liberty for production environment,"WebSphere Liberty is an application server offering by IBM. It is fast, dynamic, and easy for configuration. The server is built on the open-source Open Liberty project. With the growth",Anup,2018,Feb 3,https://www.opencodez.com/how-to-guide/managing-configuration-websphere-liberty-production-environment.htm,https://www.opencodez.com/wp-content/uploads/2018/02/WebSphere-Liberty.png
Java Behavioral Design Patterns ‚Äì Command Design Pattern,The command design pattern is one of the behavioral design patterns. This design pattern can be considered for use when there is clear segregation between requester and executor of an,Supriya,2018,Feb 2,https://www.opencodez.com/java/command-design-pattern.htm,https://www.opencodez.com/wp-content/uploads/2018/02/Java-Design-Paater-Command.png
Spring Scheduled Tasks ‚Äì 3 Ways To Use Spring Scheduler,"In this article, we will see how to run any task or a program using Spring Scheduled Tasks. As usual, we will demonstrate this with our favorite Spring Boot Softwares",Pavan,2018,Jan 26,https://www.opencodez.com/java/using-spring-scheduled-tasks.htm,https://www.opencodez.com/wp-content/uploads/2018/01/Spring-Scheduled-Tasks-1.png
Salesforce Tutorial# 15: Salesforce Sandbox and Overview of Force.com Capabilities,"One of the best capabilities of Force.com platform is Salesforce Sandbox, which allows us to create a copy of our production organization. In this article of our Salesforce Learning, we",Renuka,2018,Jan 24,https://www.opencodez.com/salesforce/salesforce-sandbox-overview-force-com-capabilities.htm,https://www.opencodez.com/wp-content/uploads/2018/01/salesforce-sandbox.png
Simple way to Build Message Driven Application using Kafka and Spring Boot,"In this article, we will create a simple Message Driven¬†Application using Apache Kafka and Spring Boot. We have already seen how we connect to Kafka¬†using plain java clients. In this",Pavan,2018,Jan 15,https://www.opencodez.com/java/how-to-build-message-driven-application-using-kafka-and-spring-boot.htm,https://www.opencodez.com/wp-content/uploads/2018/01/Message-Driven-Application-with-Kafka-Featured.png
Implement Custom Value Serializer for Kafka ‚Äì Example With Source Code,"In our last article on implementation of Apache Kafka, we have seen the basic Java client to produce and consume messages. To continue our learning lets see how we can",Pavan,2018,Jan 8,https://www.opencodez.com/java/implement-custom-value-serializer-apache-kafka.htm,https://www.opencodez.com/wp-content/uploads/2018/01/apache-kafka-custom-serializer-1.png
How to 301 Redirect Url in WordPress,"Every now and then the webmaster has to update his site. He will delete some non performing posts, pages or he will change some categories. While doing this he has",Pavan,2018,Jan 3,https://www.opencodez.com/wordpress/301-redirect-url-wordpress.htm,https://www.opencodez.com/wp-content/uploads/2018/01/301-Redirect.png
Simple Way to Implement Kafka with Java ‚Äì Source Code on GitHub,Implement Kafka with Java: Apache Kafka is the buzz word today. Everyone talks about it writes about it. So I have also decided to dive into it and understand it.,Pavan,2017,Dec 30,https://www.opencodez.com/java/using-apache-kafka-java.htm,https://www.opencodez.com/wp-content/uploads/2017/12/kafka_diagram.png
Passing Command Line Arguments in Java ‚Äì Spring Boot Example,"Application properties are part of each and every application. To make your project robust and easy for the configuration you always think of keeping some properties either in the file,",Pavan,2017,Dec 27,https://www.opencodez.com/java/passing-command-line-arguments-java-spring-boot-example.htm,https://www.opencodez.com/wp-content/uploads/2017/12/Untitled.png
Currency Conversion App in Java,Consuming a rest web service is easy and with RestTemplate Spring has made dealing with these rest services easier. In this article¬†we¬†will build a simple Currency Conversion App that uses,Pavan,2017,Dec 12,https://www.opencodez.com/java/currency-conversion-app-spring-boot-java.htm,https://www.opencodez.com/wp-content/uploads/2017/12/currency-conversion-app-1.png
Salesforce Tutorial# 14: Building a Visualforce (Custom) Page for the Salesforce App,Visualforce is nothing but one of the framework of Force.com which is component-based user interface. A tag based language more similar to HTML is used by visualforce. ¬†Each tag corresponds,Renuka,2017,Dec 8,https://www.opencodez.com/salesforce/building-visualforce-custom-page-salesforce-app.htm,https://www.opencodez.com/wp-content/uploads/2017/12/Visualforce.png
Send Encrypted Email Using Java Spring Boot ‚Äì Simple Step By Step Guide With Source Code,Emails are used as communication modes most of the time. Not always people use encrypted email when sending business-sensitive information. Outlook and other email clients have inbuilt support for this,Pavan,2017,Nov 27,https://www.opencodez.com/java/send-encrypted-email-using-java.htm,https://www.opencodez.com/wp-content/uploads/2017/11/email-encryption-featured.png
Read X509 Certificate from Java KeyStore ‚Äì Example With Code,In the NEW IT age with lots of data comes great responsibility to protect it against all malicious attacks. Using secure communications or HTTPS is one of the ways to,Pavan,2017,Nov 21,https://www.opencodez.com/java/read-x509-certificate-java-keystore.htm,https://www.opencodez.com/wp-content/uploads/2017/11/X509.png
Salesforce Tutorial# 13: Salesforce Reports and Dashboards,"Earlier in this tutorial series, we have seen many features and capabilities of Salesforce. Today in this tutorial you will get some insights on Reports and Dashboards in Salesforce. Reports",Renuka,2017,Nov 15,https://www.opencodez.com/salesforce/salesforce-reports-and-dashboards.htm,https://www.opencodez.com/wp-content/uploads/2017/11/salesforce-reports.png
How to Zip a file using Java,Sometimes it may happen that the in your application the size of log files increases and you have to run to your infrastructure team to either archive them or add,Pavan,2017,Nov 7,https://www.opencodez.com/java/zip-file-using-java.htm,https://www.opencodez.com/wp-content/uploads/2017/11/how-to-zip-a-file-1.png
Salesforce Tutorial# 12: Salesforce MVC Architecture on Cloud,"Salesforce MVC Architecture is one of the widely used software architecture design patterns which divides the design into three basic components i.e. Model, View, and Controller. Salesforce provides Visualforce an",Renuka,2017,Oct 12,https://www.opencodez.com/salesforce/visualforce-mvc-architecture-on-cloud.htm,https://www.opencodez.com/wp-content/uploads/2017/10/MVC.png
Simple Way to Configure LDAP Authentication using Spring Boot ‚Äì Source Code on GitHub,LDAP authentication is one of the widely used approaches in enterprise-grade applications.¬† LDAP is used as a central repository for user information and applications will connect to this repository for,Pavan,2017,Oct 4,https://www.opencodez.com/java/configure-ldap-authentication-using-spring-boot.htm,https://www.opencodez.com/wp-content/uploads/2017/10/spring-boot.png
Salesforce Tutorial# 11: Salesforce Data Management,Every application or system in the world is data-driven and its management is always crucial for any system to be successful. Salesforce Data Management comes in two flavors Data Import,Renuka,2017,Sep 26,https://www.opencodez.com/salesforce/data-management-salesforce.htm,https://www.opencodez.com/wp-content/uploads/2017/09/salesforce-data-migration.png
Building Restful Web Services using Java,When we think of web services the one obvious question comes to our mind is Soap or Restful? And what are the differences and advantages over one another. In this,Pavan,2017,Sep 4,https://www.opencodez.com/java/building-restful-web-services-using-java.htm,https://www.opencodez.com/wp-content/uploads/2017/09/Restful-Web-Services.png
Salesforce Tutorial# 10: Introduction to Apex Triggers,"Apex is an object-oriented, strongly typed programming language, API supported by Force.com to give transaction control on salesforce platform. Apex supports for online SOQL and SOSL query handling and returns",Renuka,2017,Aug 28,https://www.opencodez.com/salesforce/salesforce-tutorial-10-introduction-apex.htm,https://www.opencodez.com/wp-content/uploads/2017/08/og-image.jpg
Top 5 Best JavaScript Frameworks in 2019,JavaScript is one of the major contributors to the Web designs and development and thus JavaScript Frameworks enhances developers ability to create single page applications and Web application prototypes without,Shilpa,2017,Aug 17,https://www.opencodez.com/java-script/5-best-javascript-frameworks-2017.htm,https://www.opencodez.com/wp-content/uploads/2017/08/5-Best-Javascript-Frameworks.jpg
Simplest method to Implement 2 Way Authentication using SSL ‚Äì Example With Source Code Available,Every web application needs to be protected. There could be different solutions to choose from depending upon your requirement and feasibility. Some may choose basic form-based authentication or some may,Pavan,2017,Aug 9,https://www.opencodez.com/java/implement-2-way-authentication-using-ssl.htm,https://www.opencodez.com/wp-content/uploads/2017/08/SSL-Certificate.png
6 Important Steps to Shift Career from QA /Tester to BA / Business Analyst,Why Business Analyst or BA is one of the best options to go for. What are the skills required for BA. responsibilities of BA and what are those 6 steps,Shilpa,2017,Aug 5,https://www.opencodez.com/software-testing/6-steps-to-become-business-analyst.htm,https://www.opencodez.com/wp-content/uploads/2017/08/Business-Analyst.png
How to execute batch (.bat) file from Java,"Well as the title suggests, we will attempt to know how to execute bat file from Java. When you are a Java Developer, a lot is expected from you and",Pavan,2017,Jul 29,https://www.opencodez.com/java/how-to-execute-bat-file-from-java.htm,https://www.opencodez.com/wp-content/uploads/2017/07/bat-file.png
Salesforce Tutorial# 9: Introduction to SOQL and SOSL,Salesforce Object Query Language (SOQL) is similar to the SELECT statement in SQL (Structured Query Language). Using SOQL one can search the organization specific data. SOQL can be used with,Renuka,2017,Jul 23,https://www.opencodez.com/salesforce/introduction-soql-and-sosl.htm,https://www.opencodez.com/wp-content/uploads/2017/07/salesforce_logo_detail.png
Tips to Write Simple & Effective Test Plan ‚Äì [Sample Test Plan Report to Download],"Test planning is a very important, essential, and crucial part of the testing life cycle. Well planned and executed tests ensures good quality software. In simple words, Test Planning is",Sonali,2017,Jul 14,https://www.opencodez.com/software-testing/test-planning.htm,https://www.opencodez.com/wp-content/uploads/2017/07/test-planning.png
Salesforce Tutorial# 8: Approval Process in Salesforce,"In this chapter, we will take Automation in Salesforce one step further with Approvals. Approval Process in Salesforce defines each step of how records get approved in Salesforce. Approval Process",Renuka,2017,Jul 8,https://www.opencodez.com/salesforce/approval-process-in-salesforce.htm,https://www.opencodez.com/wp-content/uploads/2017/07/approval-process-in-salesforce.png
Salesforce Tutorial# 7: Automation in Salesforce,"In continuation of our Salesforce learning, we will take a brief look at salesforce automation. To allow automated process as per customer specification or criteria we need to develop the",Renuka,2017,Jun 27,https://www.opencodez.com/salesforce/automation-in-salesforce.htm,https://www.opencodez.com/wp-content/uploads/2017/06/icon-service-salesforce-automation.png
Salesforce Tutorial# 6: Salesforce Security Model and Overview,"Data Security is a big challenge for any cloud platform. Salesforce Security Model provides security at different levels like Object level, Field level, Record Level, etc to make consumer‚Äôs data",Renuka,2017,May 31,https://www.opencodez.com/salesforce/salesforce-security.htm,https://www.opencodez.com/wp-content/uploads/2017/05/Salesforce-Security.jpg
4 Steps To Draft Effective Defect Report ‚Äì Sample Defect Status Report in Excel to download,"In this article, we will briefly see how to prepare an effective defect status report and Sample Template is provided to download, which will give the current status of testing",Shilpa,2017,May 22,https://www.opencodez.com/software-testing/prepare-defect-status-report.htm,https://www.opencodez.com/wp-content/uploads/2017/05/defect-status-report-by-status.png
Salesforce Tutorial# 5: Object Relationships and Formula Field in Salesforce,"In this 5th article in our Salesforce learning journey, we will have some more insights on Salesforce Object Relationships. We will also see how Formula Field in Salesforce is defined.",Renuka,2017,May 7,https://www.opencodez.com/salesforce/object-relationships-formula-field-in-salesforce.htm,https://www.opencodez.com/wp-content/uploads/2017/05/salesforce_logo_detail.png
How to use RPT for Performance Testing of Web Application ‚Äì Part II-Test Scheduling,"In the previous article on RTP we saw, benefits of RPT, it‚Äôs Features and sample performance script recording for single user. Now in this article, we will learn about an",Shilpa,2017,Apr 29,https://www.opencodez.com/software-testing/use-rpt-performance-testing-web-application-part-ii-test-scheduling.htm,https://www.opencodez.com/wp-content/uploads/2017/02/IBM-performance-tester.png
Java Mail Framework using Spring Boot ‚Äì Step by Step Guide With Source Code,"Every application be it desktop or web, needs to send some kind of notification via mail. The scenarios may differ as per requirements like registration mail, order confirmation or any",Pavan,2017,Apr 7,https://www.opencodez.com/java/java-mail-framework-using-spring-boot.htm,https://www.opencodez.com/wp-content/uploads/2017/04/Java-Mail.png
Salesforce Tutorial# 4: Building Salesforce Custom App and Objects,"So far we have seen the introduction about Cloud, Salesforce, and Force.com. Now we will learn some interesting features ‚Äì Salesforce Custom App.¬†An app is a collection of tasks or",Renuka,2017,Apr 5,https://www.opencodez.com/salesforce/building-salesforce-custom-app-objects.htm,https://www.opencodez.com/wp-content/uploads/2017/04/Salesforce.jpg
Java Web Application Starter Template with Spring Boot,"Every now and then a developer or team has to work on new web projects, proof of concepts etc. For this they have to create project from scratch and configure",Pavan,2017,Mar 13,https://www.opencodez.com/java/java-web-application-starter-template-using-spring-boot.htm,https://www.opencodez.com/wp-content/uploads/2017/03/java-web-application-starter.png
Oracle Job Scheduler Guide With Examples ‚Äì Part 3,"This is the last article in our 3 article series we have written on Oracle Job Scheduler. In this article, we will see the oracle job scheduling example that will",Pavan,2017,Mar 8,https://www.opencodez.com/oracle/oracle-job-scheduler-guide-examples-part-3.htm,https://www.opencodez.com/wp-content/uploads/2017/03/Windows-Batch-File.jpg
How to use RPT for Performance Testing of Web Application ‚Äì Part I,RPT (Rational Performance Tester) is an excellent automation tool for performance testing provided by IBM Corporation. The latest version for RPT is V8.9 and its release in Oct 2015. This,Shilpa,2017,Mar 4,https://www.opencodez.com/software-testing/use-rpt-performance-testing-web-application-part-1.htm,https://www.opencodez.com/wp-content/uploads/2017/02/IBM-performance-tester.png
Oracle Job Scheduler Guide With Examples ‚Äì Part 2,"In our earlier tutorial, we have seen some basic information on Oracle Job Scheduling. We have seen what are the core components like Job, Program, Chain etc. In this article,",Pavan,2017,Mar 2,https://www.opencodez.com/oracle/oracle-job-scheduler-guide-examples-part-2.htm,https://www.opencodez.com/wp-content/uploads/2017/03/Oracle-Scheduler.jpg
Oracle Job Scheduler Guide With Examples ‚Äì Part 1,Oracle Database provides scheduling capabilities with an inbuilt Oracle Job Scheduler. Oracle has the DBMS_SCHEDULER (dbms scheduler) package which provides a collection of scheduling functions and procedures that are callable,Pavan,2017,Feb 28,https://www.opencodez.com/oracle/oracle-job-scheduler-guide-examples-part-1.htm,https://www.opencodez.com/wp-content/uploads/2017/02/Oracle-Job-Scheduler.gif
Salesforce Tutorial# 3: Introduction to Force.com,"In continuation to our Salesforce tutorial series, we are back without the next article on Force.com. It is a popular platform to create and develop applications run on clouds. The",Renuka,2017,Feb 26,https://www.opencodez.com/salesforce/introduction-force-com.htm,https://www.opencodez.com/wp-content/uploads/2017/02/Force.com_.jpg
Salesforce Tutorial# 2: Overview of Salesforce Database Concepts,"In our first tutorial, we have seen some basic concepts about cloud and cloud vendors. We learned that Salesforce.com is one such cloud vendor that has gained popularity due to",Renuka,2017,Feb 15,https://www.opencodez.com/salesforce/database-concepts-salesforce-com.htm,https://www.opencodez.com/wp-content/uploads/2017/02/Saleforec.com-database.jpg
Simple guide to open Socket Connection using Oracle PL SQL Programming,A socket is used to communicate between two programs. Socket forms one endpoint of a two-way communication link between the programs.¬† In this article we will see an example of,Pavan,2017,Feb 12,https://www.opencodez.com/oracle/oracle-pl-sql-programming-socket-connection.htm,https://www.opencodez.com/wp-content/uploads/2017/02/oracle-logo.png
4 Simple steps to create Requirement Traceability Matrix (RTM) ‚Äì Free Sample to download,Requirement Traceability Matrix (RTM) is a table (mostly a spreadsheet) that shows if each requirement has a respective Test case/cases to make sure if the requirement is covered for testing.,Shilpa,2017,Feb 8,https://www.opencodez.com/software-testing/create-requirement-traceability-matrix-rtm-free-sample-download.htm,https://www.opencodez.com/wp-content/uploads/2017/02/Requarements-Treaceability-Matrix.png
Salesforce Tutorial# 1: Introduction to Cloud Computing (Salesforce.com and Force.com),"Cloud Computing has become a buzz word nowadays and everyone trying to cash on it. If you offer your services on the cloud, then you will find many takers for",Renuka,2017,Feb 6,https://www.opencodez.com/salesforce/cloud-computing-salesforce.htm,https://www.opencodez.com/wp-content/uploads/2017/02/cloud-computing.png
Simple Guide to Use DataTable with Spring Boot ‚Äì Example With Source Code,"In this article, you will learn how to use Datatable with Sprint Boot for Serverside processing with example. Complete Source Code and supporting SQL is provided on GitHub to download.",Pavan,2017,Feb 4,https://www.opencodez.com/java/datatable-with-spring-boot.htm,https://www.opencodez.com/wp-content/uploads/2017/02/datatable.png
How to Build and Deploy Web Service and Client in Java,Web Services are most widely implemented examples of¬†Service Oriented Architecture (SOA). A service contract is defined with the help of SOAP and Web Service Definition Language (WSDL) and that is,Renuka,2017,Jan 29,https://www.opencodez.com/java/how-to-build-and-deploy-web-service-and-client-in-java.htm,https://www.opencodez.com/wp-content/uploads/2017/01/webservices.jpg
Most Important Test Scenarios for Business Intelligence (BI)/Software Reports Testing,Business Intelligence or BI has become an integral part of every organization. Business Intelligence (BI) mainly refers to the information that is available and processed for the organization to take,Shilpa,2017,Jan 27,https://www.opencodez.com/software-testing/business-intelligence-report-testing.htm,https://www.opencodez.com/wp-content/uploads/2017/01/Report-Testing-2.jpg
Generic CSV File Reader in Java,CSV file format is widely used portable format to store and transfer data. Its used in various domains and industries as its very easy to use and understand or interpret.,Pavan,2017,Jan 18,https://www.opencodez.com/java/generic-csv-file-reader-in-java.htm,https://www.opencodez.com/wp-content/uploads/2017/01/csv.png
How to Load Application Properties from Database,Every Java application whether its simple standalone or multi aspect complex enterprise java web application it will rely on¬†some static properties file. This property file¬†goes through constant changes by the,Pavan,2016,Oct 3,https://www.opencodez.com/java/how-to-load-application-properties-from-database.htm,https://www.opencodez.com/wp-content/uploads/2016/10/java-spring.jpg
Easy Way to Configure Quartz Scheduler with Spring Boot ‚Äì Example With Source Code,"Quartz Scheduler is a widely accepted and used open-source job scheduling library. This library can be integrated with all types of Java applications. Using this, you can convert your simple",Pavan,2016,Sep 26,https://www.opencodez.com/java/quartz-scheduler-with-spring-boot.htm,https://www.opencodez.com/wp-content/uploads/2016/09/quartz.jpg
Spring Boot ‚Äì Java Development Made Easy,"If you are planning for a Java web application, first thing you will decide is to use Spring framework. This framework is best known for its Inversion Of Controller container",Pavan,2016,Sep 18,https://www.opencodez.com/java/spring-boot-java-development-made-easy.htm,https://www.opencodez.com/wp-content/uploads/2016/09/Spring-Logo.png
7 Best Practices for Video SEO to Drive More Traffic to Your Website,"Most of the user just bounces off from your site if you don‚Äôt have any fascinating contents, and this is where you can leverage the power of video. If you",Pavan,2014,May 4,https://www.opencodez.com/seo-and-content-marketing/7-best-practices-for-video-seo-to-drive-more-traffic-to-your-website.htm,https://www.opencodez.com/wp-content/uploads/2014/05/Video-Seo.jpg
What Are Some of the Trends in Copywriting and Content Marketing in 2014?,"When you are a freelance copywriter, the process of learning never really ends. You always need to be growing, challenging yourself and learning new skills in order to get ahead",Pavan,2014,Apr 30,https://www.opencodez.com/seo-and-content-marketing/what-are-some-of-the-trends-in-copywriting-and-content-marketing-in-2014.htm,https://www.opencodez.com/wp-content/uploads/2014/04/content-marketing-featured.png
"CMS for eCommerce Comparison: WordPress, Magento and Drupal",Choosing a content management system (CMS) for eCommerce can be the biggest hurdle to overcome. With so many options available ‚Äì each with its own strengths and weaknesses ‚Äì it‚Äôs,Pavan,2014,Apr 28,https://www.opencodez.com/how-to-guide/cms-for-ecommerce-comparison-wordpress-magento-and-drupal.htm,https://www.opencodez.com/wp-content/uploads/2014/04/cms-comparison-featured.jpg
How to Add a Shortcode in WordPress,Ever wanted to add some specialized content to your websites post or page and at the same time you don‚Äôt want to have heavy footprint of any third party plugin?,Pavan,2014,Apr 21,https://www.opencodez.com/wordpress-2/how-to-add-a-shortcode-in-wordpress.htm,https://www.opencodez.com/wp-content/uploads/2014/04/wordpress-shortcode.png
The Importance of Diversity in Link Building,"Link building can be a very valuable weapon in your SEO arsenal, so it is important to do it right. When you are building your links, you can make the",Pavan,2014,Apr 8,https://www.opencodez.com/how-to-guide/the-importance-of-diversity-in-link-building.htm,https://www.opencodez.com/wp-content/uploads/2014/04/link-building-featured.jpg
A Handy Guide to Creating Your Small Business‚Äôs First Website,"Whilst social media platforms such as Facebook, Linked In and Twitter may appear to have monopolised the internet over the past few years (and it¬†is¬†vitally¬†important that your business has a",Pavan,2014,Apr 2,https://www.opencodez.com/how-to-guide/a-handy-guide-to-creating-your-small-businesss-first-website.htm,https://www.opencodez.com/wp-content/uploads/2014/04/small-business-website.jpg
Top 5 Best WordPress Plugins Your Website Must Have,Millions of website supported by WordPress are coming up everyday. WordPress is a complete website solution but sometimes you need bit more than a CMS system to establish yourself online.,Pavan,2014,Mar 27,https://www.opencodez.com/wordpress-2/top-5-best-wordpress-plugins-your-website-must-have.htm,https://www.opencodez.com/wp-content/uploads/2014/03/wordpress-plugins1.jpg
How to Setup ECommerce for WordPress Website,"Every business old or new, need a strong online presence to reach out to millions of people across the globe. If you are planning to sell something then mere creating",Pavan,2014,Mar 10,https://www.opencodez.com/web-development/how-to-setup-ecommerce-for-your-wordpress-website.htm,https://www.opencodez.com/wp-content/uploads/2014/03/WordPress-and-WooCommerce-150x100.jpg
How to Add CSS Animation to a Website Easily with Animate.css,"With every growing new day web is evolving, people are coming out with lots of new ideas and stuff to attract billions of internet savvy people. Web 2.0, HTML 5",Pavan,2014,Feb 18,https://www.opencodez.com/web-development/how-to-add-css-animation-to-website-easily.htm,https://www.opencodez.com/wp-content/uploads/2014/02/css-animation.gif
Setting up ‚Äì Free Premium WordPress Theme ‚Äì Aadya ‚Äì Part 2,This is the second and last article in our 2 article series on how to configure Free Premium WordPress Theme¬†Aadya. As iterated earlier the theme has premium features which can,Pavan,2014,Jan 6,https://www.opencodez.com/wordpress-2/setting-up-free-premium-wordpress-theme-aadya-part-2.htm,https://www.opencodez.com/wp-content/uploads/2014/01/screenshot.png
Setting up ‚Äì Free Premium WordPress Theme ‚Äì Aadya ‚Äì Part 1,As shared already We have released one more awesome WordPress theme ‚Äì Aadya. This time also we have built this theme on famous Twitter Bootstrap CSS Framework. We are calling,Pavan,2014,Jan 6,https://www.opencodez.com/free-wordpress-themes/preview-free-premium-wordpress-theme-aadya.htm,https://www.opencodez.com/wp-content/uploads/2014/01/screenshot.png
Top 5 Best Responsive CSS Frameworks for Web Design,"After developing two WordPress themes based on responsive css frameworks, I believe I should put in my opinion on which framework I felt is more user friendly. I have developed",Pavan,2013,Nov 27,https://www.opencodez.com/web-development/top-5-best-responsive-css-framework-for-web-design.htm,https://www.opencodez.com/wp-content/uploads/2013/11/css-frameworks.jpg
How to Install WordPress Locally using XAMPP,Few days back one of my friend asked me How to Install WordPress Locally using XAMPP. He was trying¬†to setup a local website to try out some design and content,Pavan,2013,Oct 24,https://www.opencodez.com/web-development/how-to-install-wordpress-locally-using-xampp.htm,https://www.opencodez.com/wp-content/uploads/2013/10/xampp.jpg
Openstrap ‚Äì Responsive WordPress Theme,"Twitter Bootstrap is¬†powerful front-end framework for faster and easier web development. Its fully responsive, sleek and¬†intuitive. Opencodez has taken efforts to bring a responsive wordpress theme using this framework. As",Pavan,2013,Sep 20,https://www.opencodez.com/free-wordpress-themes/openstrap-responsive-wordpress-theme.htm,https://www.opencodez.com/wp-content/uploads/2013/09/screenshot.png
Free Simple WordPress Theme ‚Äì Awakening,Opencodez Team release another free wordpress theme Awakening. The theme is developed on top of Zurbs Foundation Responsive Framework that means the theme will look great on any device be,Pavan,2013,Aug 27,https://www.opencodez.com/web-development/free-simple-wordpress-theme.htm,https://www.opencodez.com/wp-content/uploads/2013/08/screenshot-1.png
How to add a Widget to WordPress,Many WordPress Themes come Widget Ready that boosts functionality of a site considerably. These widget ready platform saves a lot of time of webmaster to search for plugins and install,Pavan,2013,Jul 3,https://www.opencodez.com/web-development/how-to-add-a-widget-to-wordpress.htm,https://www.opencodez.com/wp-content/uploads/2014/03/wordpress-plugins1.jpg
Write Config File in Java,Most of the time we use properties file only to load some fairly static values that are used across the project. Some one once asked me whether I have any,Pavan,2013,Jun 25,https://www.opencodez.com/java/write-config-file-in-java.htm,https://www.opencodez.com/wp-content/uploads/2013/06/java-development.jpg
How to add Options Framework to WordPress Theme,"When a WordPress Theme developer takes up any new theme development, he has to think about some neat and unique design and what all features he is going to offer",Pavan,2013,Jun 6,https://www.opencodez.com/web-development/how-to-add-options-framework-to-wordpress-theme.htm,https://www.opencodez.com/wp-content/uploads/2013/06/Options-image.jpg
Build a Web service using PHP,"Web services provide a standard means of communication between different software applications, running on a variety of platforms and/or frameworks. Web services plays important role in any SOA architecture. I",Pavan,2013,Apr 10,https://www.opencodez.com/php/build-a-web-service-using-php.htm,https://www.opencodez.com/wp-content/uploads/2013/04/php-development.jpg
Quartz ‚Äì Java Job Scheduling Service,"Most of the Java Projects, Enterprise Applications need some form of scheduling every now and then. People try to implement in number of ways like Timer, EJB etc. In one",Pavan,2013,Feb 22,https://www.opencodez.com/java/quartz-java-job-scheduling-service.htm,https://www.opencodez.com/wp-content/uploads/2013/02/quartz.jpg
Oracle SQL Command Handbook,Every developer works with database in some form or other. Either he directly gets involved with PL/SQL Programming where he writes huge procedures and functions or some times he ends,Pavan,2013,Feb 12,https://www.opencodez.com/oracle/oracle-sql-command-handbook.htm,https://www.opencodez.com/wp-content/uploads/2017/02/Oracle-PL-SQL.png
Java Design Patterns List,Here is the list of Java Design Patterns. Each pattern is explained in detail with example and sample code. Hope you find this helpful. Creational Java Design Patterns Abstract Factory,Pavan,2010,Jul 3,https://www.opencodez.com/java/java-design-patterns-list.htm,https://www.opencodez.com/wp-content/uploads/2010/07/java-desgin-patterns.png
Most important Core Java Interview Questions ‚Äì I,"Being in IT industry for almost 15 years, I have come across some most important Core Java Interview questions, which are frequently¬†asked in most of the interviews by MNCs. Based",Pavan,2010,May 24,https://www.opencodez.com/java/core-java-interview-questions-i.htm,https://www.opencodez.com/wp-content/uploads/2010/05/interview-questions.jpg
Object oriented concepts ‚Äì Java,Q: What are basic OOPS Concepts? A:¬†‚Äì Inheritance : When a child class acquires all the methods and properties of parent class it is called inheritance. Java supports inheritance either,Pavan,2010,May 24,https://www.opencodez.com/java/polymorphism-in-java.htm,https://www.opencodez.com/wp-content/uploads/2010/05/Object-Oriented.png
Java Sorting using Comparator,"Lets see how we can sort our Employee objects using different criteria like id, name, salary. SortTest remains the main class that will perform creating and filling objects for us.",Pavan,2010,May 24,https://www.opencodez.com/java/java-sorting-using-comparator.htm,https://www.opencodez.com/wp-content/uploads/2010/05/Java-Sorting.png
Java Sorting using Comparable,In Java you can do sorting by implementing 2 interfaces 1) Comparable 2) Comparator Here we will see sorting example using Comparable Interface. As an example we will be sorting,Pavan,2010,May 24,https://www.opencodez.com/java/java-sorting-using-comparable.htm,https://www.opencodez.com/wp-content/uploads/2010/05/Java-Sorting.png
Get all urls from a web page ‚Äì Simple Web Crawler,Here I‚Äôm going to post a class that will extract all valid URLs from a web page.¬† The example can be treated as a basic web crawler. My class uses,Pavan,2009,Jul 11,https://www.opencodez.com/java/get-all-urls-from-a-web-page.htm,https://www.opencodez.com/wp-content/uploads/2009/07/Java-Crawler.jpg
How to Read Config File in Java ‚Äì With Actual Class Example rovided,In my last post I mentioned ‚ÄúConfig Class‚Äùcouple of times.. here you will see actual class and its usage. The class is very simple. We just need to provide proper,Pavan,2009,Jul 11,https://www.opencodez.com/java/read-config-file-in-java.htm,https://www.opencodez.com/wp-content/uploads/2013/06/java-development.jpg
Connect to MySQL in Java,"It‚Äôs been too long, I didnt get time to post anything OpenSource. So here I am again with one simple class Database, to connect to MySQL in Java. You can",Pavan,2009,Jul 7,https://www.opencodez.com/java/connect-to-mysql-in-java.htm,https://www.opencodez.com/wp-content/uploads/2016/08/Java-Mysql.jpg
Using .htaccess in XAMPP on Windows,"I googled quiet some time on using custom links for your site on windows using XAMPP. All of them suggested me to uncomment line for ‚Äòmod_rewrite‚Äô, set AllowOverride to All.",Pavan,2009,Apr 3,https://www.opencodez.com/apache/htaccess-in-xampp-windows.htm,https://www.opencodez.com/wp-content/uploads/2009/04/htaccess.jpg
Simple Logger,"If you are programming in PHP, I bet you are using ‚Äúprints and dies‚Äù to debug your code. I know its the easiest way to debug any web based program.",Pavan,2009,Mar 17,https://www.opencodez.com/php/simple-logger.htm,https://www.opencodez.com/wp-content/uploads/2009/03/php-elephant.jpg
How to generate image thumbnails in PHP,Thumbnails proves to be very useful in presenting various online and print media. Here I would like to share a simple function to generate image thumbnails in php. I used,Pavan,2009,Feb 17,https://www.opencodez.com/php/generate-image-thumbnails-in-php.htm,https://www.opencodez.com/wp-content/uploads/2009/02/php-keyboard.jpg
Create SSL Certificate and install in Xampp,"HTTPS, it‚Äôs a secure HTTP protocol. With the web becoming part of a day to day life people expect almost all application and services should be web enabled and it",Pavan,2009,Feb 14,https://www.opencodez.com/how-to-guide/ssl-certificate-and-install-in-xampp.htm,https://www.opencodez.com/wp-content/uploads/2009/02/SSL-Certificate-for-Xampp.png
Note on Software Development,"Understand the requirements: It‚Äôs often the case that you (a developer) don‚Äôt gather requirements. It‚Äôs either project manager, lead or say module owner. Requirements are gathered and handed over to",Pavan,2009,Feb 13,https://www.opencodez.com/web-development/note-on-software-development.htm,https://www.opencodez.com/wp-content/uploads/2009/02/software-development.jpg
Points you must check while installing XAMPP on Windows,"Xampp is the best option to run websites on windows. Very easy to install, manage. Good community, excellent support, nothing more is needed in Open Source Environment. It happens with",Pavan,2009,Feb 12,https://www.opencodez.com/web-server/installing-xampp-on-windows.htm,https://www.opencodez.com/wp-content/uploads/2009/02/key-points-150x100.png
Sort your tables with out an extra server trip,"Name I need back my money Jack Bauer $10.00 Chuck Noris $19.00 Superman $32.12 Name Date Money Jack Bauer 22/05/1995 12,000 Chuck Noris 22/05/2010 8,500 TOTAL 21,500 ‚ÄòTable‚Äô is",Pavan,2009,Feb 1,https://www.opencodez.com/java-script/sort-your-tables-with-out-an-extra-server-trip.htm,https://www.opencodez.com/wp-content/uploads/2009/02/javascript-1.png
How to learn a Programming Language easily,Learning a programming language is as good as eating a cake! Basically all language have same fundamental pieces that one must understand.√Ç How to define variables How to call language,Pavan,2008,Dec 21,https://www.opencodez.com/how-to-guide/learning-a-programming-language.htm,https://www.opencodez.com/wp-content/uploads/2008/12/programming-languages.jpg
How to become an Efficient and Good Programmer,"I have been in the Software Industry for more than 15 years now. From my experience in development, ¬†I can tell you to become an efficient or good programmer, you",Pavan,2008,Dec 21,https://www.opencodez.com/how-to-guide/how-to-become-a-good-programmer.htm,https://www.opencodez.com/wp-content/uploads/2008/12/programmer.jpg
